id;title;content;date
1;with;../fake-data/blob/hipster.txt;2024-06-24T22:15:41
2;latex;../fake-data/blob/hipster.txt;2024-06-24T11:06:12
3;sans an;../fake-data/blob/hipster.txt;2024-06-24T23:50:51
4;stopsign month;../fake-data/blob/hipster.txt;2024-06-24T11:48:19
5;automate eager stability;../fake-data/blob/hipster.txt;2024-06-25T09:11:05
6;imaginary;../fake-data/blob/hipster.txt;2024-06-25T02:55:06
7;gah crushing;../fake-data/blob/hipster.txt;2024-06-24T20:47:06
8;judgementally gadzooks;../fake-data/blob/hipster.txt;2024-06-25T03:37:53
9;boldly ouch remorseful;../fake-data/blob/hipster.txt;2024-06-24T10:06:14
10;versus forthright damaged;../fake-data/blob/hipster.txt;2024-06-25T06:58:01
